{"PMSNO_GB_CD_NM":"허가번호_구분_코드_명","HHLD_CNT":"세대_수(세대)","STCNS_DAY":"착공_일","OUDR_MECH_AREA":"옥외_기계식_면적(㎡)","BYLOT_CNT":"외필지_수","INDR_AUTO_UTCNT":"옥내_자주식_대수(대)","BC_RAT":"건폐율(%)","SIGUNGU_CD":"시군구_코드","MAIN_PURPS_CD_NM":"주_용도_코드_명","ENGR_GRADE":"에너지_효율등급","HO_CNT":"호_수(호)","VL_RAT_ESTM_TOTAREA":"용적률_산정_연면적(㎡)","OUDR_AUTO_AREA":"옥외_자주식_면적(㎡)","ENGR_EPI":"EPI_점수","NA_UGRND_CD":"새주소_지상지하_코드","NEW_PLAT_PLC":"도로명_대지_위치","MAIN_PURPS_CD":"주_용도_코드","GN_BLD_GRADE":"친환경_건축물_등급","ENGR_RAT":"에너지_절감율","PLAT_AREA":"대지_면적(㎡)","FMLY_CNT":"가구_수(가구)","STRCT_CD_NM":"구조_코드_명","REGSTR_GB_CD":"대장_구분_코드","ETC_PURPS":"기타_용도","NA_BJDONG_CD":"새주소_법정동_코드","SPLOT_NM":"특수지_명","ROOF_CD":"지붕_코드","NA_SUB_BUN":"새주소_부_번","LOT":"로트","ROOF_CD_NM":"지붕_코드_명","PMS_DAY":"허가_일","OUDR_MECH_UTCNT":"옥외_기계식_대수(대)","BJDONG_CD":"법정동_코드","PLAT_GB_CD":"대지_구분_코드","PLAT_PLC":"대지_위치","ETC_STRCT":"기타_구조","PMSNO_KIK_CD":"허가번호_기관_코드","PMSNO_GB_CD":"허가번호_구분_코드","JI":"지","ETC_ROOF":"기타_지붕","PMSNO_KIK_CD_NM":"허가번호_기관_코드_명","INDR_MECH_AREA":"옥내_기계식_면적(㎡)","PMSNO_YEAR":"허가번호_년","TOTAREA":"연면적(㎡)","REGSTR_KIND_CD":"대장_종류_코드","UGRND_FLR_CNT":"지하_층_수","INDR_AUTO_AREA":"옥내_자주식_면적(㎡)","TOT_DONG_TOTAREA":"총_동_연면적(㎡)","INDR_MECH_UTCNT":"옥내_기계식_대수(대)","NA_ROAD_CD":"새주소_도로_코드","REGSTR_KIND_CD_NM":"대장_종류_코드_명","MGM_BLDRGST_PK":"관리_건축물대장_PK","ARCH_AREA":"건축_면적(㎡)","DONG_NM":"동_명칭","BUN":"번","REGSTR_GB_CD_NM":"대장_구분_코드_명","ATCH_BLD_CNT":"부속_건축물_수","EMGEN_USE_ELVT_CNT":"비상용_승강기_수","GN_BLD_CERT":"친환경_건축물_인증점수","NA_MAIN_BUN":"새주소_본_번","MAIN_ATCH_GB_CD":"주_부속_구분_코드","BLD_NM":"건물_명","OUDR_AUTO_UTCNT":"옥외_자주식_대수(대)","CRTN_DAY":"생성_일자","HEIT":"높이(m)","ITG_BLD_CERT":"지능형_건축물_인증점수","BLOCK":"블록","RIDE_USE_ELVT_CNT":"승용_승강기_수","ITG_BLD_GRADE":"지능형_건축물_등급","GRND_FLR_CNT":"지상_층_수","USEAPR_DAY":"사용승인_일","ATCH_BLD_AREA":"부속_건축물_면적(㎡)","MAIN_ATCH_GB_CD_NM":"주_부속_구분_코드_명","VL_RAT":"용적률(%)","STRCT_CD":"구조_코드"}